patientId,dna
1,TCATAACCTGGACCGAATGCAGAATCATGCATCGTTCCACTGTGTTCGTGTCATCTAGGACGGGCGCAAAGGATATATAATTCAATTTTGAATACCTTAT
2,AAGGACACAATCGAGCTCCCATCTGTATGCTCGACTAACTTGTACCCAACCCCCGGAGCTTGGCAGCTCCTGGGGTATCATGGAGCCTCTGGTTCATCCC
3,GTGGGATATCAAGCTTCGTCTTGATAAAGCTCCCCGCTCGGGAGTAGCAGAGAAGACGCCTACTGAATTGTGCGATCCCTGCACCTCAGCTAAGGTAGCT
4,ACCAATATTTAGTTTCTAAGCCTTACGACAGACCTCGCACTTAGATTGCCATGCATAGAGCTAACGAGCCAGCGAAAAGCGTGAGGCGCTTTCAAGCATG
5,GCGAGTAAGTGATCCAACGCTTCGGATACGACTATATACTTAGGTTTGATCTCGCCCCGAGAACTGTAAACCTCAACATTTATAGATTATGAGGTTAGCC
6,GTCGTCCTGATACTTTGGTCATGTTTCCGTTGTAGGAGTGAACCCACTTGGCTTTGCGCCATAATTCCAATGAAAAACCTATGCACTTTGTTTAGGGTAC
7,CATTAAAAATCTAAACCTTTAAATAGTGAAGATCCCGAGTATAGATTTTTATCTGCGGTTCAACTTAAGCATAAACCTACATGCTATTTTATTAGACCTA
8,CTCTGCACAAAGTAAATATAGGATGTGTCCGACCTGGCTTCTGGTGTTCCACATCGTCATGTATTCGTTAACTGTTAATTGATGACACATAAATAATATT
9,GAAGAATCTATACGGCATTCTTATTAATACATTTGAAACACGCTTAATTGATACTAAACAAATTAATGCAAACTTCCATGTTAGAATAAAGATAAATATA
10,CAAGTCGATAGAAAATGGGTAGGGGCTTTTAATTCATCCAACACTCTACGATTTCTTCAAGAATAAGTAGAGTATCCTGTAGTTCAAAAAGAAATTATTT
11,CGTAAAGTAAGCTCATACTGTCTTTTTTGCGAAAGACTTAACACGTTAAGAAAATAGAATAGTTTCAAACGATAGTTATTAATCGTAATAACGGAACGTT
12,ATTTAAAGAATAAGTCTGACAGTGTATAACTCGATCAGTTATTCATTATTTGAACTGTGCGAAAGATTCCAGTGCTTATGCACTTAATTCCGAGACTTGT
13,ACGAGGGGCCCACACCGAGGAAGTAAACTATTATACGTTGGGGATAGTATTAACTAATAAAGATGCTTGCTACAATAAAAGTATCAAACCCGTATAAAGA
14,GAGCGCCCGCGCTCCGGTGGGCCGGAGCGCGGCACCAGGGCCTCCCCCTGGACACCTGAGACGAGGCCCGCCGTGGCCCTTGGACTCGGCACGCTTGCAC
15,CCGCAGCGCGCGCACGCGGGGTCAGGGGCCGGGTTCGGTCCCCACGCCGACGTGCGGCGCGGCTGTGTGGGTGCGGCGGGCCCCACTTACACGCTCCGCG
16,GGGCCGCGATGCGCGGTCTGCCGCGTCCCGGCCCGACCGACGGGCTGCCACGGACGGCCGGCCATGCCGTCGGCTCCCGGGCAGCCCGGCGCAGCGGTCG
17,ACTCACAGTCGGTCACATTGGGCTACTCCATGGGTCTTCGGCTTGACCCGGTCTGTTGGGCCGCGATTGCGTGAGTTTCGGCCCCGCGCTGCGCTGTATA
18,GTCGATTCTCATCCGGCCCTCACATCTGGAAACCCCAACTTATTTAGATAACATCATTAGCCGAAGTTGCTGGGCATGTCCACCGTGGAGTCCTCCCCGG
19,GCGTCCCTCCTTCAAATGACGATAAGCACCGGCAAGCACCATTGATCAACGCAAGGATCGGTGATGTTAACAAAGATTCGGCACATTACTCTTGTTGGTG
20,TGGAACCGCTTAGCTACGCGGCGAAGCCCTATGGCAAAACCGATGGGGAATGATTCGGGTAGCGCCAGGAGTCCGTAGCACGTGCATCCCGACCTGGCGC
21,GCGTACAGCTTGACGACCGCTTCACGCTAGGGTGCTGGCCGCGTGCTAGGTTGACGCGGCTGCACTGCTCCAAGGACAATTACGGAGCGGGCGGCCTGGC
22,GGGAGCGCTACCCCATCGACGCGTGCTCGAATACTGTATATTGCTCCCACATGAGCAAATTGGTAGAGCGCCGCTTTCAGCCCCCCTGTCGCCGGCGACG
23,TCTGTGAAATGGCGTTGATGTGGATCGACTCTATGGGGGCACCTGCTGATGCGTAGGGAGACCCGGAATGTGTCGGCCTATGTCACTGAAACTGTCCAAA
24,CGCCCCGTGTCGTTGCTGAACGTATCGACGCACGCCCCCCTCGTTGAGAACCCACAATCATACAACTGGGGACATGATCCCTACGCCCGTCTTCTACACC
25,CGTCTCTGTGGGCCCAGTTCAAGTGCTGGGAGGGCACCCTCCACAAGGTCTGGCGGTATGGTGGTATGGCGAGCCCGTACCGTGATACATGCGGCAGGGG
26,TAAGACCATCGGTAGTAGGGATAGTGCCGAAGCTCGCTCACCACTGCCTATAAGGGGTGCCTGCCTCTAGGATGAGTGTCAGCCAGTGTAACCCCATGAG
27,GAACCGAGAAGGCGAACCGGGCCAGACAACCCGGGGGCACCGGGCTCAAAGCCGCGGCGCGACGGCTCACAGCCGGTAAGAGTAGCCCCGGGGTGAACAC
28,CTATGGGGCTGGATAAAACTGCCCTGGTGACCGCCATCAACGACCCGGACGCGTGGCACCTCAGGAGGCGGCCGGAGGGGGGATGTTTTCTGCTATTCGA
29,GGCCGTTCGTCGTAGCTTGTTGCGTTCCTAGCCGCTACATTTGTCTCTTTGCCGACTAATGGGAACAACCACACCATAGCGATTCGACGCGGCGCCTCGG
30,AATACCGTATCGGCAGGCGCCTCGTAAGGCCATCGCGGATACCAGGTATCGTGCAGGTAGCGTAGGCCCGCACGCGAGACGAACTGCTGGGGAACCGCGT
31,CTCCACGACCGGCGCTCGATTCAACTTCGCCGACGTGACGACGTTCCAGGCAGTGCCTCCGCCGCCGGGCCCCCCTCGTGATCGGGTAGCTGGGCATGCC
32,CTTGAGAGATATAGCGAGAGCCTGCCCGTCTATTGATGTCACGGCGAAAGTCGGGGGGACAGCAGCGGCTGCAGACATTATACCGGAACAACACCAAGGT
33,GAGATAGCCCCGTAGCCGACTACGCCTCCCTCTGGGCCTTACTTGGCCGGATACAGTGTCTTTGACACGTTTGTGGGCTACAGCAATCACATCCAAGGCT
34,TATGAATCAAGTTGGAAGTTATGGAGCATAGTAACATGTGGACGGCCAGTGGTGGGTTGCTACACCCCTGCGGCAACGTTGAAGCTCCTGGATTACACTG
35,GGCGTACGGGTCCCATATAAACCTGTCATAGCTTACCTGACTCTACTTGGAAATGTGGCTAGGTCTTTGCCCACGCACCTAATCGGTCCTCGTTTGCTTT
36,TATTTTAGAGGTCATGGGTTCTGGTGCCCGCGAGCCGCGGAACCGATTAGGGGCATGTACAACAATATTTATTAGTCATCTTTCAGACACAATCTCCCAG
37,CCCATATTACGACCTTGGCAGGGGGTTCGCAAGTCCCACCCCAAACGATGCTGAAGGCTCAGGTTTCACAGGGACAAAAGCTTTAAACGCGAGTTCCCGC
38,GGCTGTGCGCGAAGCAACTCTTGGGTGTTAGAATGTTGACCCCTGTATTTGGGATGCGGGTAGTAGATGACCGCAGGGACTCCGACGTCAAGTACACCAC
39,TACGCAAGATAAACTGCTAAAAAACCGCGTTTTTACGACTGGTGCATAATTTAATTTCGCTGACGTGATGACATTCCAGGCAGTGCCTCTGCTGTCGGAT
40,ATACCATAGCGATTTAACGCAGCGCCTCGGAATACCGTTTCAACAGACGCTTGGTAAGATCATTACGAATACCAGGTATCGTGTAAGTAGCGTAAGCCTA
41,CCCGGAGGAGGGATATTTTCTACTATTCGAGGCCGTTCGTTATAACTAGTTGCATTCCTAGCCGCTATAATTGTCTCTTTGCCGACTAATAAGAACAACC
42,AGCCGGTAAGAATAACCCCGGAATAAAGACCTATGAGGCTGGATAAAACTGCCGTGGTAACCGCCTTCAATAACCCGAATATGTGGCATTTCAGGAGGTG
43,AATAAGTGTCAGTTAGTATAACCCGATGAGGAATCCAAAAGGTGAACCAAGCCAGACAATCCGGTGATATCGCACTCAAAGCCGGGACACGACGCGTCAC
44,AAGCTCGTACTGTAATTCATGCGACAGGGGTAAGATCATCAGTAATAAGGATAATGCCAAATCTCACTCACCACTGCCAATAAGGGGTCCTTACTTAAAG
45,CACATAATGCGTACGCCCATCTAGTACACTCATCTCTGTGGGTCCAATTCAAGAATTGGAAGAGTATCCTCCACAAGATCAAGTGGTATCCTGGTAAAGT
46,TATTGGTCTATGTCACTGAAACTATCCAAATACCTTATGTCGATACTGAACGTATTGACGCATACCTCCTTCCTTGAAAACACACAATTATACAACTGAG
47,CCACTTTCAGCCCTTTTGTCGTCGGCGATGTGTGTAAAATAGCGTTAATGTGAATCGACTCTATAAAGGTATTTACTGATGCGTAAAGAGATCTGAAATC
48,AAAGGATAATTACGAAGTGGACGGCCTAGCGAGAGCACTATCCCATCAACGTGTACTCGAATATTGTTTATTGTTCACACATGAACAAATTAGTAGAGTG
49,GTCCATAGCACATACATCCCAACGTGGTATGCGTACAATTTGACCATCGTTTCACGCTAAGATGCTGGCCACATGCTAAATTAATGCGTCTGCACTACTC
50,CATAGATTCGGCACATTACTCTTGTAGGTGTGGAATCACTTAATTACGTGGCGAAGCCTTATGGCAAAATCGATGGGCAATGATTCAGGTAACGCTAAAA
51,ACGGCATATCCACCGTAAAGTCCTCCCCGGGTGTCCCTCCTTCATTTGATGATAAGCAGCGGCTACCATTATTGATTAACACAAGGAACGGTGATATTAA
52,GTGAGTTAGGGCCCTGAACTGCGCTGTATAGTCGATTCTCATTCGGCCCTCACATCTGGAAACCCCAACTTATTTAGATAACATGATTAGCCGAAGTTGT
53,TCAGGGTTATTCCCTTGGAATAAATTTCTTATTCACAGTCAGTCATATTGGGCTACTCCATAGGTTTTCAACTTGACTCGGTCTGTTAGGCCACGATTAC
54,TGAACTTATTCTCTAATAGAGCATTTCATTCGAGCATGACAGTAAGTACGCTTTCTCAATTGTGCTAATCTTTATTCCTATCAAAGTTTGGAGTCAATGA
55,GAACTTTTGTGTATTTATATGTTCACCCGTCTATTACGCATGCGGGTAGATTATGTAGGTTGAGAGATGCAGGAGAAGTTCTTAACCTTCTCATAGGACG
56,GACGACTAGCCATCCCTCTGGCTCTTAGATAGCCCGATACAGTGATTTTGAAAGGTTTGCGGGGCACAGCTATGACTTGCTTAGCTACGTGTGAGGGAAG
57,CCACTGTGTACTCGTTATAACATCTGGCAGTTAAAGTCGGGAGAATAGGAGCCGCAATACACAGTTTACCGCATCTAGACCTAACTGAGATACTGCCATA
58,TACGATACAACTATGTGGATGTGACGAGCTTCTTTTATATGCTTCGCCCGCCGGACCGGCCTCGCGATGGCGTAGCTGCGCATAAGCAAATGACAATTAA
59,TACCTGATACAAAGCCCATCGTGGTCCTTAGACTTCGTGCACATACAGCTGCACCGCACGCATGTGGAATTAGAGGCGAAGTACGATTCCTAGACCGACG
60,GCTAACTAAGTCGCCTGCCACAACAACAGTATCAAAGCCGTATAAAGGGAACATCCACACTTTAGTGAATCGAAGCGCGGCATCAGAATTTCCTTTTGGA
61,AAATCTATTGTACCAATCGGCTTCAACGTGCTCCACGGCTGGCGCCTGAGGAGGGGCCCACACCGAGGAAGTAGACTGTTGCACGTTGGCGATGGCGGTA
62,AACTGGGCGAGAGATCCCAGCGCTGATGCACTCGATCCCGAGGCCTGACCCGACATATCAGCTCAGACTAGAGCGGGGCTGTTGACGTTTGGGGTTGAAA
63,GGAATCGTGCTTCTGTCTAAGCAAGTAAGGGTATGAGGTCGCAACCGTCCCCCAAGCGTACAGGGTGCACTTTGTAACGATTTGGGAGTCCAGAGACTCG
64,CTGTTTTCGAAATTTGCCCTCAAGCGCGAGTATTGAACCAGGCTTACGCCCAAGAACGTAGCAAGCTGACTCAAACAAAATACATTTTGCCCGCGTTACA
65,GCCCTGAAAAAAAGATTTCTGCAACTCTCCTCGTCAGCAGTCTGGTGTATCGAAAGTACAGGACTAGCCTTCCTAGCAACCGCGGGCTGGGAATCTGAGA
66,TCGTGTCAGCGCGCAGGCTTGGATCGAGATGAAATCTCCGGGGCCTAAGACTACGAGCATCTGGCGTCTTGGCTAACCCCCCTACATGTTGTTATAAACA
67,CGAAAAGAGAATTTCATAATACGTGCTGTCCCACGCGCATGGTACATTTGGACAATATTGAATGGAGTCTGATCAACCTTCACACCGATCTAGAATCGAA
68,TATGATCTATATAATACGGGCGGTACGTCTGCTTTGGTCAGCCTCTAATGGCTCGTATGATAGTGCAGCCGCTGGTGATCACTCAATGATCTCGGCTCCC
69,TTGCGTTTCTTCGACCTTTTAACCGCTCTCTTAGAAGAGAGACAGATAGCTTCTTACCCGTGCCCCACCGTTGGCAGTACGATCGCACGCCCCACGTGAA
70,AGTTGGAAGTATGTCTAGATCTCAGATTTCGTCACTAGAGGGCCCACGCTCTATTTTTATGATCCATTGATCTCCCTGACGCTGCAAGATTTGCAACCAG
71,ACCATTAGTGAGCTACTGGAGCCGAGGGGTAACTACGATGCCGCTAAGAACCTCTCGGTCGTCGCTAGCGATTACACTCCAGTCTCATTATAATCGTTCG
72,GTGTCATGCTAGCGTGCGGGGTACTCTAGTTATCCATATGGTCCACAGGACACTCGTTGCTTTCGGATTTGCCCTTTATGCGCCGGTTTTCAGCCACGCT
73,CACTGGCAACCAACTTCTCGGGTCCTGCCCGACTGGTCTTCGGGCTAATATAGCGAATTGCCGAGAACCCGGCCCCACGCAATGGAACGTCCTTAGCTCC
74,GTCTATAGAAATTACACCTTTAACCCTCCTGAGAACCGGGAGGCGGGAATCCGTCACGTATGAGAAGGTATTTGCCCGACAATCAATACCGGACGCTCCT
75,GGTTTAGAGGAATCACATTCAAGTCTGGTTAACCATGAAACAAGTCTTGAGTGTAAAATTGTCGTCTCCTGTGTACGAGATGGAGGTACTAGATGACTGC
76,CTGGTGACTGGCTAGATGGACTTGCCGCTGGTAAACACACCATGACCCCGCCTCTCCATTGATGCCACGGCGAATGTCGGGGAGACAGCAGCGACTGCAG
77,CATAGCCATTTATCGGAGCGCCTCGGTACACGGTATGACCAGACGCCTCGTGAGACCATTACGTATACCAGGTGTCCTGTGAGCAGCGAAGGCCCATACG
78,CGTAACAGAATCCCCGCAATAAGCTCCCGTGAGCCTCGATTGAACAGCCCTGGTGGGCCCCATCAGTAGCCCGAATATGTCGCTTTTCGGGTCCTGGGCC
79,AGCGGCTATTAGTATTATCCTGCGAAGATTCAAAAAGGTGAACCAACTCGGTCGATCCGGAAAGACGGACTTCAAAGCTACGTGACGACGGTTGTCGGTC
80,TTGTACTGTAGTAGAGGTGACATGAGTGGAATTATCATTAATAAGGATATTGGAAAGACTCATAGGCCTCCACCTATAGGCAGTGTTTACTCTTACATAA
81,AATCTATATGACAGAAACTGTGCAAGTACCTAATCTCATTAGTGTAAGTTCTGACTAATACGTACTTTGTTAAGAACTCACAATTTTACAATTGAGGACA
82,ATAGCACATTCATCGCATTCGGATATGCGCTCTATTTGACGATTTTTTGGCACAGAAATGCTGACCACGAATTAAATTAAAGCGACTGTACTACTATAAG
83,GAAATGGCTGATTATTCTTATTGGTATGGTATCGTTAAATTGCGTCGCGGAGCCTTATGGCATAGTTGTCTGCGGAGCACTCTAGTAATGCTTATGGTCC
84,CCAGACCGCCATACCACCATACCGTTCGGGCATGGCACTATGTACGCCGTCCCCATTCTGGTAGCCATCATCCCTATCACGGCTTCGAGCGACTGGTGAC
85,ACTACGCATCCCTCTGGGCCTTACTTAGCCGGATACAGTGACTTTGACAGGTTTGCGGGCCACAGCAACCACTTGCATAGCTGCGTGCGGGGGAAGCAAC
86,GGTCTACTCGTTTAATCATCTCGCGGCGAAAGTCGGGGGGACAGCAGCCGCTGCAGACACTATACCGCAACTACACCAAGCTGAGATAGCCCCGTGGTCG
87,ATCCAACTGCGCCGACGTGACGACGTTCCTGCTAATGCCTCGCCCGCCGGACCGCCCTCGCGATGGGGTAGCTGGGCACGACCTTGTGACATATAACGAG
88,GCTGCGTCCCCAGCCACTACAGCTGTTTCTAAGCCGTGCAATGGGAACAACCACACCATGGCGAATCGATGCGCCGCCTCGGAATACCGTTTTGGCAACC
89,GGGCCAGACAACCCGGCGCTGACGCACTCGAAGCCGGGGCGCGACGCGACATATCGGCTGAGAGTAGGCCGGGGGTGTAGACCTTTGGGGTTGAATAAAT
90,CCGAGAGCTGGAAGGGCACCCTCCACTTGGTCGGGCGACATCCTCGTGGGGCGAGCCCGTACCGTCACTCATGCGGAAGGGGTAAGACCATTGGAAGCAG
91,AATGAATTGACATATACTTTCTTTCTTAAAAACATACAATTATATAATTGAGCATATAATATATATATTTATCTAATATATTTAATTTTTTAGGTCCTAT
92,TTTAAATTAATTCTATAATGGTATTTATTAATAGATAAAAAGATTTAAAATTTATTAATTTATATCACTAAAACTTTCTAAATACTTTATGTCAATATTG
93,ATGTGTATTCGAATATTATTAATTATTCATATATGAACAAAATAGTAAATTGTCAATTTCAACCTTTTTATCCTCGGTATTGTATATTAAATAGTGTAAA
94,GCTTCATGCTAAGGTCCTGGCTACATGCTATATTAATACGCCTGCACTACTCAAAGAAAATATACGAAGTGGGCGGCCTGGCCAGAGCACTATCGCATCA
95,ATAATATGCAGCCGCTACCATTATTGATTAATACAACGAACGGTGATATTATCATAGATTCGGCACATTTCTCTTGTAGGTGTGAAATCACTTAACTTCG
96,CTCACAACTGCAAACCCCAACTTATTTAGATAACATGATTAGCCGAAGTTGTACGGGATATCCACCGTGAACTCCTCCCCGGGTGTCGCTCCTTCATTTG
97,TGAGCTACTCGATGGGTTATCAGCTTGACCCGCTCTGTAAGGTCGCGATTACGTGAGTTAGGGCTCTGAACTGCGCTGTATAGTCGAATCTGATTTCGCC
98,CGCTTTCTGAATTGTGCTAATCTTCATCCTTATCAAAGTTTGCTGTCAATGATTAGGATTATTGCCTTGCAATAGACTTCTTATTCACACTCGCTCACAT
99,GGCTGCGCAGGTCGTGGGGTGCGGGGGGGGCCCCCGGTCTTCCCGCGGGACGTCGGCCTTCCCCTTGGCAAAGCGCCCCGCTCGGGTGCGGCGGTGGGCA
100,CGAAGGGCTTGCGGGGCGTGGCCGCGGCCCGCCCAGCCACGCGCGAGGGCGGAGGCCTCCCCGCACCCGCGCGCCCGCCTACCCGCCACCCGCGCCCGGG